<?xml version="1.0"?>
<doc>
    <assembly>
        <name>CustomKnight</name>
    </assembly>
    <members>
        <member name="T:CustomKnight.CustomKnightTexture">
            <summary>
                The Class that represents the state of a <c>Skinable's</c> texture.
            </summary>
        </member>
        <member name="T:CustomKnight.ISelectableSkin">
            <summary>
                The Interface that a Class must implement to be treated as a skin.
            </summary>
        </member>
        <member name="M:CustomKnight.ISelectableSkin.GetId">
            <summary>
             GetId
            </summary>
            <returns>The unique id of the skin as a <c>string</c></returns>
        </member>
        <member name="M:CustomKnight.ISelectableSkin.GetName">
            <summary>
             GetName
            </summary>
            <returns>The Name to be displayed in the menu as a <c>string</c></returns>
        </member>
        <member name="M:CustomKnight.ISelectableSkin.shouldCache">
            <summary>
             shouldCache
            </summary>
            <returns>A <c>bool</c> representing if the texture can be cached in memory or not.</returns>
        </member>
        <member name="M:CustomKnight.ISelectableSkin.hasSwapper">
            <summary>
             hasSwapper
            </summary>
            <returns>A <c>bool</c> representing if the skin has support for swapper files.</returns>
        </member>
        <member name="M:CustomKnight.ISelectableSkin.getSwapperPath">
            <summary>
             getSwapperPath
            </summary>
            <returns>A <c>string</c> representing the absolute path to the directory containing the swap folder.</returns>
        </member>
        <member name="M:CustomKnight.ISelectableSkin.Exists(System.String)">
            <summary>
             Exists
            </summary>
            <param name="FileName">A <c>string</c> that identifies the file</param>
            <returns>A <c>bool</c> representing if the file exists in this skin.</returns>
        </member>
        <member name="M:CustomKnight.ISelectableSkin.GetTexture(System.String)">
            <summary>
             GetTexture
            </summary>
            <param name="FileName">A <c>string</c> that identifies the texture file</param>
            <returns>A <c>Texture2D</c>, the texture for that filename.</returns>
        </member>
        <member name="M:CustomKnight.ISelectableSkin.GetFile(System.String)">
            <summary>
             GetFile reads an arbitrary file from the skin
            </summary>
            <param name="FileName">A <c>string</c> that identifies the file</param>
            <returns>A <c>byte[]</c>, the contents of that filename.</returns>
        </member>
        <member name="T:CustomKnight.StaticSkin">
            <summary>
                The Class that represents all static skins that CustomKnight manages.
            </summary>
        </member>
        <member name="T:CustomKnight.Skinable">
            <summary>
                The abstract Class that represents a single Skinable resource in the game.
                These can be used to add support for custom objects to be skinned as if they were defined within Custom Knight
            </summary>
        </member>
        <member name="F:CustomKnight.Skinable.name">
            <summary>
                The name of the Skinable resource, is used as an identifier and the file expected is name.png.
            </summary>
        </member>
        <member name="P:CustomKnight.Skinable.ckTex">
            <summary>
                A CustomKnightTexture that holds the state of the skin for this skinable.
            </summary>
        </member>
        <member name="M:CustomKnight.Skinable.SaveDefaultTexture">
            <summary>
                A Method that is called to create a backup of the default texture of the skinable, used when unloading or as a fallback.
                this must save the defaultTexture in ckTex for seamless integration.
            </summary>
        </member>
        <member name="M:CustomKnight.Skinable.ApplyTexture(UnityEngine.Texture2D)">
            <summary>
                A Method that is called to Apply a Texture to the current Skinable.
            </summary>
            <param name="tex">A <c>Texture2D</c> that is to be applied</param>
        </member>
        <member name="M:CustomKnight.Skinable.prepare">
            <summary>
                A Method that is called to so that any preparations for the Skinable can be done. for example, saving the material that will be used.
            </summary>
        </member>
        <member name="M:CustomKnight.Skinable.SaveTexture">
            <summary>
                Wrapper Method for SaveDefaultTexture, used for logging.
            </summary>
        </member>
        <member name="M:CustomKnight.Skinable.Apply">
            <summary>
                Wrapper Method for ApplyTexture, used for logging.
            </summary>
        </member>
        <member name="M:CustomKnight.Skinable.Reset">
            <summary>
                Wrapper Method for ApplyTexture, used for Resetting the skin to default texture.
            </summary>
        </member>
        <member name="T:CustomKnight.Skinable_Single">
            <summary>
                The abstract Class that represents a <c>Skinable</c> that uses a single Material
            </summary>
        </member>
        <member name="M:CustomKnight.Skinable_Single.GetMaterial">
            <summary>
                An abstract Method that returns the Material for this <c>Skinable</c>
            </summary>
        </member>
        <member name="T:CustomKnight.Skinable_Multiple">
            <summary>
                The abstract Class that represents a <c>Skinable</c> that uses a multiple Materials
            </summary>
        </member>
        <member name="M:CustomKnight.Skinable_Multiple.GetMaterials">
            <summary>
                An abstract Method that returns the List{Material} for this <c>Skinable</c>
            </summary>
        </member>
        <member name="T:CustomKnight.Skinable_Sprite">
            <summary>
                The abstract Class that represents a <c>Skinable</c> that uses a Sprite
            </summary>
        </member>
        <member name="M:CustomKnight.Skinable_Sprite.ApplySprite(UnityEngine.Sprite)">
            <summary>
                An abstract Method that Applies a Sprite to this <c>Skinable</c>
            </summary>
        </member>
        <member name="M:CustomKnight.SkinManager.AddSkin(CustomKnight.ISelectableSkin)">
            <summary>
                Add a skin to the skin list provided by an external mod.
            </summary>
            <param name="NewSkin">an <c>ISelectableSkin</c> that represents the skin</param>
            <returns>true if the skin is added</returns>
        </member>
        <member name="M:CustomKnight.SkinManager.GetSkinById(System.String)">
            <summary>
                Gets a skin from the overall skin list that matches a given id.
            </summary>
            <param name="id">a <c>string</c> that uniquely identifies the skin</param>
            <returns>an <c>ISelectableSkin</c> that represents the skin or the default skin</returns>
        </member>
        <member name="M:CustomKnight.SkinManager.GetDefaultSkin">
            <summary>
                Gets the default skin.
            </summary>
            <returns>an <c>ISelectableSkin</c> that represents the default skin</returns>
        </member>
        <member name="M:CustomKnight.SkinManager.GetCurrentSkin">
            <summary>
                Gets the current skin.
            </summary>
            <returns>an <c>ISelectableSkin</c> that represents the current skin</returns>
        </member>
        <member name="M:CustomKnight.SkinManager.GetInstalledSkins">
            <summary>
                Gets all the installed skins (includes mod provided skins).
            </summary>
            <returns>an <c>ISelectableSkin[]</c> that represents all the installed skins</returns>
        </member>
        <member name="M:CustomKnight.SkinManager.RefreshSkin(System.Boolean)">
            <summary>
                Refreshes the current skin, useful when the provided skin needs to change.
            </summary>
            <param name="skipFlash">a <c>bool</c> that determines if the knight should flash white</param>
        </member>
        <member name="M:CustomKnight.SkinManager.SetSkinById(System.String)">
            <summary>
                Change the current skin, to the one whose id is provided.
            </summary>
            <param name="id">a <c>string</c> that uniquely identifies the skin</param>
        </member>
    </members>
</doc>
